javascript_size,avg_problems
2886,17.7647058823529412
5689980,2.5000000000000000
