gid,before,after,change,change_percentage
334191697,2.0,96.54444444444445,94.54444444444445,47.272222222222226
369692262,0.0,18.0,18.0,inf
