gid,before,after,change,change_percentage
334191697,2.0,2.1444444444444444,0.14444444444444438,0.07222222222222219
369692262,0.0,0.0,0.0,0.0
