gid,before,after,change,change_percentage
305507071,99.0,11.311111111111112,-87.68888888888888,-0.885746352413019
