gid,before,after,change,change_percentage
305507071,36.0,8.311111111111112,-27.68888888888889,-0.7691358024691358
